{
    "images":[
        {
            "id": 1,
            "url": "images/forker.jpg",
            "title": "Cyclone Showdown",
            "date": "March 4, 2023",
            "location": "Forker Building, Iowa State University",
            "ParticipatingTeams": "A team, B team"
        },
        {
            "id": 2,
            "url": "images/skyhigh.jpg",
            "title": "MIVA B-Team Championship",
            "date": "March 25-26, 2023",
            "location": "Sky High Volleyball Academy North Shore",
            "ParticipatingTeams": "B Team"
        },
        {
            "id": 3,
            "url": "images/skyhigh.jpg",
            "title": "MIVA Division 1 Championship",
            "date": "April 1-2, 2023",
            "location": "Sky High Volleyball Academy North Shore",
            "ParticipatingTeams": "A Team"
        },
        {
            "id": 4,
            "url": "images/kansascity.jpeg",
            "title": "2023 NCVF Volleyball Championships",
            "date": "April 13-15, 2023",
            "location": "Kansas City Convention Center",
            "ParticipatingTeams": "A Team, B team"
        }
    ]
}